frame,fps,particle_count
0,34.847088,0
1,25.367355,1
2,24.879946,2
3,24.983477,2
4,25.050539,2
5,25.186956,2
6,25.3952,2
7,25.455093,2
8,25.790377,2
9,26.368597,2
10,27.155268,2
11,27.931486,2
12,28.686687,2
13,29.318357,2
14,30.096127,2
15,30.875088,2
16,31.6725,2
17,32.464413,2
18,33.293377,2
19,34.03431,2
20,34.79877,2
21,35.608784,2
22,36.22693,2
23,36.9453,2
24,37.75162,2
25,38.53723,2
26,39.265194,2
27,39.938267,2
28,40.613304,2
29,41.278015,2
30,41.942158,2
31,42.550243,2
32,43.176487,2
33,43.788227,2
34,44.320988,2
35,44.84879,2
36,45.13097,2
37,45.557224,2
38,46.14864,2
39,46.575092,2
40,47.07727,2
41,47.616974,2
42,48.15927,2
43,48.589745,2
44,49.00308,3
45,49.453373,3
46,49.710175,3
47,50.00317,3
48,50.381584,3
49,50.82115,3
50,51.314648,3
51,51.689896,3
52,52.194054,3
53,52.522377,3
54,52.86229,3
55,52.96294,3
56,53.01532,4
57,53.355736,4
58,53.582474,5
59,53.726593,5
60,54.04668,5
61,54.09097,5
62,54.429314,5
63,54.498684,5
64,54.580135,5
65,54.638683,5
66,54.92167,5
67,55.189552,5
68,55.46699,5
69,55.346535,5
70,55.597878,5
71,55.884068,5
72,56.051403,5
73,56.243538,5
74,56.561783,6
75,56.721794,6
76,56.758312,6
77,56.94511,6
78,56.787735,6
79,57.059185,6
80,57.266644,6
81,57.469227,6
82,57.74161,6
83,57.80111,6
84,57.97362,6
85,58.12674,6
86,58.202965,6
87,58.35477,6
88,58.35842,6
89,58.478134,6
90,58.480152,6
91,58.58893,6
92,58.716484,6
93,58.80067,6
94,58.71969,6
95,58.803894,6
96,58.556404,6
97,58.43545,6
98,58.560986,6
99,58.359024,6
100,57.989872,6
101,57.935387,6
102,57.86094,6
103,58.105537,6
104,58.10082,6
105,58.194836,6
106,58.365055,6
107,58.170227,6
108,58.123737,6
109,58.218285,6
110,58.221542,6
111,58.543507,6
112,58.754032,6
113,58.794735,6
114,58.525543,6
115,58.327557,6
116,58.260746,6
117,58.148212,6
118,57.929882,6
119,57.95246,6
120,58.087143,6
121,58.21203,6
122,58.439564,6
123,58.536095,6
124,58.586025,6
125,58.49976,6
126,58.44607,6
127,58.666595,6
128,58.665447,6
129,58.763165,6
130,58.55261,6
131,58.68534,6
132,58.6193,6
133,58.240738,6
134,58.345127,6
135,58.455795,6
136,58.62257,6
137,58.800602,6
138,58.96858,6
139,58.984966,6
140,59.129314,6
141,59.31293,6
142,59.348743,6
143,59.38357,6
144,59.522945,6
145,59.698124,6
146,59.688217,6
147,59.6991,6
148,59.762993,6
149,59.69712,6
150,59.755856,6
151,59.437233,6
152,59.55354,6
153,59.54999,6
154,59.741264,6
155,59.767952,6
156,59.78709,6
157,59.90595,6
158,59.955914,6
159,59.83429,6
160,59.925495,6
161,59.899555,6
162,59.893246,6
163,59.575123,6
164,59.816853,6
165,59.898552,6
166,59.861095,6
167,59.85178,6
168,59.931522,6
169,59.59466,6
170,59.57956,7
171,59.759052,7
172,59.946785,7
173,59.849106,7
174,59.913593,7
175,60.04706,7
176,60.041336,7
177,59.836452,7
178,59.824207,7
179,59.845863,7
180,60.002197,7
181,59.857944,7
182,59.450237,7
183,59.241566,7
184,58.92661,7
185,58.745495,7
186,58.68533,7
187,58.36317,7
188,58.239708,7
189,58.06923,7
190,57.841232,7
191,57.946815,7
192,57.917973,8
193,58.056377,8
194,58.063034,8
195,58.206104,8
196,58.32379,8
197,58.459923,8
198,58.50501,8
199,58.424812,8
200,58.400238,8
201,58.470345,8
202,58.715332,8
203,58.626564,8
204,58.45287,8
205,58.49243,8
206,58.599632,8
207,58.693256,8
208,58.25771,8
209,58.389988,8
210,58.13796,8
211,58.18789,8
212,58.19092,8
213,58.129444,8
214,58.17435,8
215,58.095474,8
216,58.342052,8
217,58.294334,8
218,58.14623,8
219,58.14771,8
220,58.12076,8
221,58.281715,8
222,57.835205,8
223,57.970127,8
224,57.886936,8
225,57.99438,8
226,58.089333,8
227,57.960583,8
228,57.99163,8
229,57.919914,8
230,57.58037,8
231,57.65667,8
232,57.76464,8
233,57.95716,8
234,58.027203,8
235,58.28832,8
236,58.37628,8
237,58.090244,8
238,57.891773,8
239,57.8323,8
240,58.111027,8
241,58.06863,8
242,58.159473,8
243,57.94517,8
244,58.144875,8
245,58.23106,8
246,58.021637,8
247,57.903114,8
248,57.989674,8
249,57.77743,8
250,57.80307,8
251,57.90924,8
252,57.160854,8
253,57.93642,8
254,57.611855,8
255,58.15252,8
256,58.187042,8
257,58.26525,8
258,58.101204,8
259,58.242554,8
260,58.494057,8
261,58.49054,8
262,58.684467,8
263,58.517517,8
264,58.55064,9
265,58.715004,9
266,58.855167,9
267,58.868534,9
268,58.983006,9
269,59.045506,9
270,58.895924,9
271,58.9608,9
272,59.194706,9
273,59.229187,9
274,59.091366,9
275,59.33875,9
276,59.32888,9
277,59.395092,9
278,59.527763,9
279,59.5131,9
280,59.6241,9
281,59.453186,9
282,59.655148,9
283,59.546658,9
284,59.67865,9
285,59.53847,9
286,59.34178,9
287,59.051254,9
288,59.198856,9
289,59.395664,9
290,59.538292,9
291,59.603806,9
292,59.56504,9
293,59.596775,9
294,59.742065,9
295,59.821182,9
296,59.85003,9
297,59.63241,9
298,59.696224,9
299,59.90345,9
300,59.865555,9
301,59.897167,9
302,59.890648,9
303,59.870014,9
304,59.925888,9
305,59.964066,9
306,59.853497,9
307,59.943787,9
308,60.020664,9
309,59.925488,9
310,59.95814,9
311,59.915276,9
312,59.910275,9
313,59.945663,9
314,60.00396,9
315,60.1129,9
316,60.138603,9
317,60.17887,9
318,59.956318,9
319,59.9349,9
320,59.88492,9
321,59.898518,9
322,59.960377,9
323,60.0353,9
324,59.930378,9
325,59.95207,9
326,59.98455,9
327,59.894867,9
328,59.958275,9
329,59.949635,9
330,59.99265,9
331,59.88989,9
332,59.884766,9
333,59.936268,9
334,59.967396,9
335,60.116726,9
336,59.93837,9
337,59.983555,9
338,59.95847,9
339,59.947296,9
340,59.87494,9
341,59.76506,9
342,59.903427,9
343,59.96871,9
344,59.97308,9
345,60.103413,9
346,60.012844,9
347,60.09042,10
348,59.85262,10
349,59.98005,10
350,59.617832,10
351,59.586987,10
352,59.65223,10
353,59.640217,10
354,59.486362,10
355,59.32111,10
356,59.26121,10
357,59.041153,10
358,58.901558,10
359,58.98927,10
360,58.81028,10
361,58.907864,11
362,59.04104,11
363,59.095726,11
364,59.07696,11
365,58.843643,11
366,58.815006,11
367,58.88939,11
368,58.98506,11
369,58.867973,11
370,58.615906,11
371,58.645145,11
372,58.443924,11
373,58.319862,11
374,58.228874,11
375,58.043118,11
376,57.92124,11
377,57.78894,11
378,58.21252,11
379,58.30782,11
380,58.3685,11
381,58.34285,11
382,58.552326,12
383,58.8277,12
384,58.935482,12
385,59.15319,12
386,59.02817,12
387,59.167355,12
388,59.067493,12
389,59.289955,13
390,59.375145,13
391,59.435314,14
392,59.39813,14
393,59.53454,14
394,58.241703,14
395,58.37839,14
396,58.431763,14
397,58.68908,14
398,58.62119,14
399,58.540455,14
400,58.545464,14
401,58.74593,14
402,58.669476,14
403,58.74913,14
404,58.98012,14
405,58.901115,14
406,59.016796,14
407,58.94076,14
408,58.999123,14
409,59.052025,14
410,59.079094,14
411,59.17837,14
412,59.34566,14
413,59.33255,14
414,59.21946,14
415,59.293415,14
416,59.409817,14
417,59.563923,14
418,59.577904,14
419,59.610584,14
420,59.359936,14
421,59.410896,14
422,59.416786,14
423,59.507557,14
424,59.540123,14
425,59.53117,14
426,59.61043,14
427,59.775406,14
428,59.971302,14
429,59.856956,14
430,59.75618,14
431,59.92213,14
432,59.944782,14
433,59.982204,14
434,60.07811,14
435,60.25443,14
436,60.252415,14
437,60.19156,14
438,60.324425,14
439,60.342663,14
440,60.166725,14
441,60.031372,14
442,59.867043,14
443,59.900368,14
444,59.789364,14
445,59.938217,14
446,59.99507,14
447,59.9884,14
448,60.06236,14
449,60.011246,14
450,60.13926,14
451,60.25178,14
452,60.30796,14
453,60.288944,14
454,60.337315,14
455,60.06509,14
456,60.00674,14
457,59.7219,15
458,59.468544,15
459,59.639595,15
460,59.73942,15
461,59.61047,15
462,59.888233,15
463,60.05077,15
464,59.699123,15
465,59.91707,15
466,59.801125,15
467,59.867184,15
468,59.84444,15
469,59.694565,15
470,59.625755,15
471,59.539196,15
472,59.42589,15
473,59.25267,15
474,59.32128,15
475,59.502327,15
476,59.451054,15
477,59.270065,15
478,59.415924,15
479,59.25888,15
480,59.291218,15
481,59.2074,15
482,59.302166,15
483,59.440838,15
484,59.16856,12
485,59.182556,12
486,59.17993,12
487,59.231617,12
488,59.06324,12
489,59.194656,12
490,58.950085,12
491,58.85274,12
492,59.00213,12
493,58.877373,12
494,58.99957,12
495,59.02724,12
496,59.084553,12
497,58.88161,12
498,58.956413,12
499,58.748486,12
500,58.519398,12
501,58.55904,12
502,58.615753,12
503,58.465218,12
504,58.406277,12
505,58.342606,12
506,58.374023,12
507,58.262615,12
508,58.177307,12
509,58.17071,12
510,58.102806,12
511,58.411682,12
512,58.59458,12
513,58.633877,12
514,58.6624,12
515,58.610672,12
516,58.510326,12
517,58.357784,12
518,58.152843,12
519,58.244446,10
520,58.181446,10
521,58.255535,10
522,58.220375,10
523,58.27843,10
524,58.50304,10
525,58.40109,10
526,58.633125,10
527,58.59593,10
528,58.618988,10
529,58.722706,10
530,58.794495,10
531,58.93411,10
532,59.170906,10
533,58.931183,10
534,58.886322,10
535,59.030792,10
536,58.972412,10
537,59.063404,10
538,59.195675,10
539,59.23885,10
540,59.271835,10
541,59.28594,10
542,59.50489,10
543,59.623756,10
544,59.73766,10
545,59.76246,10
546,59.55589,10
547,59.41196,10
548,59.469353,10
549,59.392967,10
550,59.454723,10
551,59.542477,10
552,59.53279,11
553,59.57943,11
554,59.547134,11
555,59.613598,11
556,59.66109,11
557,59.78463,11
558,59.669308,11
559,59.62808,11
560,59.585407,11
561,59.675632,11
562,59.741684,11
563,59.86369,11
564,59.737244,11
565,59.60315,11
566,59.64386,11
567,59.723267,11
568,59.82932,11
569,59.989,11
570,60.000107,11
571,59.852356,11
572,59.709755,11
573,59.731094,11
574,59.47198,11
575,59.552174,11
576,59.582405,11
577,59.718674,11
578,59.698948,11
579,59.411015,11
580,59.114815,11
581,59.184624,11
582,59.12506,11
583,59.1905,11
584,59.24472,11
585,59.48418,11
586,59.40251,11
587,59.228863,11
588,59.185642,11
589,59.23418,11
590,59.237946,11
591,59.193714,12
592,59.225708,12
593,59.37195,12
594,59.2603,12
595,59.18322,12
596,59.3628,12
597,59.21351,12
598,59.18376,12
599,59.261143,12
600,59.326893,12
601,59.078823,12
602,58.997154,12
603,58.988758,12
604,59.18877,12
605,59.230785,12
606,59.245377,12
607,59.075993,12
608,58.84956,12
609,58.879612,12
610,58.82243,12
611,58.773525,12
612,58.751564,12
613,58.799896,12
614,58.970745,12
615,59.125927,12
616,59.046135,12
617,58.94977,12
618,58.891884,12
619,58.935856,12
620,59.010105,12
621,58.85479,12
622,58.939606,12
623,58.94946,12
624,58.731873,12
625,58.970547,12
626,58.858997,12
627,59.035057,12
628,59.313744,12
629,59.348934,12
630,59.28238,12
631,59.320377,12
632,59.31527,12
633,59.358597,12
634,59.46829,12
635,59.41675,12
636,59.475266,12
637,59.43181,12
638,59.445107,12
639,59.546177,12
640,59.63796,12
641,59.605816,12
642,59.361023,12
643,59.404495,12
644,59.231186,12
645,58.82075,12
646,58.737755,12
647,58.54882,12
648,58.53394,13
649,58.716343,13
650,58.734673,14
651,58.727924,14
652,58.81454,14
653,58.987755,14
654,59.137947,14
655,59.31842,14
656,59.379955,14
657,59.09711,14
658,59.058826,14
659,59.086876,14
660,59.163017,14
661,59.370274,14
662,59.21644,14
663,59.107376,14
664,58.896126,14
665,59.20863,14
666,59.13405,14
667,58.97533,14
668,58.966526,14
669,58.865704,14
670,58.821407,14
671,58.719223,14
672,58.84671,14
673,59.13999,14
674,59.064785,14
675,59.114456,14
676,58.971024,14
677,58.873344,14
678,58.92834,14
679,58.736572,14
680,58.79745,14
681,58.847927,14
682,58.889957,12
683,59.04021,12
684,58.961315,12
685,59.183258,12
686,59.096188,12
687,58.918407,12
688,59.00316,12
689,59.07073,12
690,59.2609,12
691,59.11153,12
692,59.089424,12
693,58.94343,12
694,58.91559,12
695,59.051033,12
696,59.133327,12
697,58.89617,12
698,58.90519,12
699,58.653816,12
700,58.667004,12
701,58.644035,12
702,58.657917,12
703,58.84134,12
704,58.709003,12
705,58.685303,12
706,58.785286,12
707,58.666145,12
708,58.68254,12
709,58.84865,12
710,58.852802,13
711,59.033913,13
712,58.962524,13
713,58.87985,13
714,59.065254,13
715,59.12419,13
716,59.169254,13
717,59.410965,13
718,59.45436,13
719,59.51515,13
720,59.534695,13
721,59.68364,14
722,59.377525,14
723,59.55461,14
724,59.458614,14
725,59.399452,14
726,59.27503,14
727,59.197968,14
728,59.33538,14
729,59.526962,14
730,59.645985,14
731,59.564568,14
732,59.68781,14
733,59.603355,14
734,59.45607,14
735,59.67223,14
736,59.69639,14
737,59.686207,14
738,59.722706,14
739,59.87457,14
740,59.869034,14
741,59.794117,14
742,59.79828,14
743,59.92623,14
744,60.070244,15
745,60.131985,15
746,60.067924,15
747,60.159286,15
748,60.09236,15
749,59.91399,15
750,59.937416,15
751,59.946243,15
752,59.869427,15
753,59.82252,15
754,59.95664,15
755,59.85836,15
756,59.93636,15
757,60.060093,15
758,60.268467,15
759,60.38015,15
760,60.307964,15
761,60.156548,15
762,60.229256,15
763,60.368435,15
764,60.392277,15
765,60.225418,15
766,60.240322,15
767,60.267105,12
768,60.38932,12
769,60.3068,12
770,60.02513,12
771,60.012184,12
772,59.684982,12
773,59.74595,12
774,59.71122,12
775,59.7781,12
776,59.658447,12
777,59.65309,12
778,59.58593,12
779,59.69148,12
780,59.61354,12
781,59.711636,12
782,59.73021,12
783,59.32811,12
784,59.48082,12
785,59.11085,12
786,59.30451,12
787,59.3956,12
788,59.31607,12
789,59.438583,12
790,59.26964,12
791,59.141224,13
792,59.021935,13
793,58.974518,13
794,58.959408,13
795,59.15087,13
796,59.09245,13
797,59.286537,13
798,59.348568,13
799,59.515705,13
800,59.624413,13
801,59.416237,13
802,59.493145,13
803,59.403004,13
804,59.622467,13
805,59.47154,13
806,59.33517,13
807,59.522243,13
808,59.358578,13
809,59.357563,13
810,59.380527,13
811,59.32972,13
812,59.040325,13
813,59.22143,13
814,59.257637,13
815,59.224277,13
816,59.18911,13
817,59.19228,13
818,59.11262,13
819,59.10532,13
820,59.327885,13
821,59.18175,13
822,59.133263,13
823,58.822662,13
824,58.83987,13
825,58.980328,13
826,59.129486,13
827,59.32515,13
828,59.483345,13
829,59.58399,13
830,59.810604,13
831,59.77792,13
832,59.927494,13
833,59.870285,13
834,59.90217,13
835,59.97153,13
836,60.1304,13
837,60.166138,13
838,59.879543,13
839,59.741085,13
840,59.7838,14
841,59.811443,14
842,59.720394,14
843,59.63288,14
844,59.680893,14
845,59.835464,14
846,59.98824,14
847,60.06478,14
848,60.01045,14
849,59.978867,14
850,60.061806,14
851,59.779045,14
852,59.783752,14
853,59.943382,14
854,59.85345,14
855,59.916985,14
856,59.693462,13
857,59.764618,13
858,59.78279,13
859,59.879246,13
860,59.890373,13
861,59.705112,13
862,59.960503,13
863,59.86361,13
864,59.694183,13
865,59.802998,13
866,59.618507,13
867,59.711475,13
868,59.66679,13
869,59.641476,13
870,59.716854,13
871,59.822205,13
872,59.95368,13
873,59.69299,13
874,59.548237,13
875,59.376568,13
876,59.29649,13
877,57.658592,13
878,57.81087,13
879,57.88649,13
880,58.00019,13
881,58.094166,13
882,58.00433,13
883,58.07927,13
884,58.17976,13
885,57.966976,13
886,58.196957,13
887,58.272263,13
888,58.382854,13
889,58.1673,13
890,58.01662,13
891,58.13921,13
892,57.865044,13
893,58.013752,13
894,57.89024,13
895,57.90696,13
896,57.989017,13
897,58.08162,13
898,58.20897,13
899,58.291893,13
900,58.14789,13
901,58.048794,13
902,58.003044,13
903,57.839706,13
904,57.813904,13
905,57.825752,13
906,57.74637,13
907,57.913628,13
908,58.02169,13
909,58.10559,13
910,58.213623,13
911,58.287376,13
912,58.466206,13
913,58.265232,13
914,58.16331,13
915,58.315357,13
916,58.2934,13
917,58.25724,13
918,58.401955,13
919,58.415863,13
920,58.497276,13
921,58.61778,13
922,58.753616,13
923,58.59712,13
924,58.73493,13
925,58.750168,13
926,58.869095,13
927,58.989918,13
928,59.108162,13
929,59.279247,13
930,59.37007,13
931,59.651325,13
932,59.29455,13
933,59.36418,13
934,59.369144,13
935,59.388298,14
936,59.4165,14
937,59.663155,14
938,59.48176,14
939,59.555325,14
940,59.558186,14
941,59.361244,14
942,59.386284,14
943,59.513172,14
944,59.63858,14
945,59.375076,14
946,59.412975,14
947,59.511856,14
948,59.492855,14
949,59.58465,14
950,59.732456,14
951,59.892395,14
952,59.848953,14
953,59.799606,14
954,59.763527,15
955,60.024956,15
956,60.009514,15
957,60.014774,15
958,60.034798,15
959,60.090313,15
960,60.025375,15
961,59.873005,15
962,59.73306,15
963,59.896935,15
964,59.95996,15
965,60.044163,15
966,60.040466,15
967,60.036076,15
968,60.11996,15
969,60.214645,15
970,60.01666,15
971,59.832066,15
972,59.705235,15
973,59.71273,15
974,59.53673,13
975,59.7161,13
976,59.779564,13
977,59.72072,13
978,59.782867,13
979,59.829792,13
980,59.94525,13
981,59.752914,13
982,59.78123,13
983,59.774555,13
984,59.71722,13
985,59.71071,13
986,59.82524,13
987,59.87616,13
988,59.913,13
989,60.033684,13
990,59.68345,13
991,59.79671,14
992,59.848534,14
993,59.716686,14
994,59.922432,14
995,59.88038,14
996,59.580795,14
997,59.520287,14
998,59.706623,14
999,59.6918,14
1000,59.814236,14
1001,59.763107,14
1002,59.85738,14
1003,59.88602,14
1004,59.981308,14
1005,60.04275,14
1006,59.89936,14
1007,59.981888,14
1008,59.968914,14
1009,59.578533,14
1010,59.689896,14
1011,59.674465,14
1012,59.71826,14
1013,59.842415,14
1014,59.924736,14
1015,60.069145,14
1016,60.16524,14
1017,60.30031,14
1018,60.31166,14
1019,60.238964,14
1020,60.105984,14
1021,59.835907,14
1022,59.83347,14
1023,59.647057,14
1024,59.61464,14
1025,59.7399,14
1026,59.812557,14
1027,59.798096,14
1028,60.1132,14
1029,59.767544,14
1030,59.683147,14
1031,59.62471,14
1032,59.682877,15
1033,59.4484,15
1034,59.54892,15
1035,59.660828,15
1036,59.832375,15
1037,59.84708,15
1038,59.870735,15
1039,59.968884,16
1040,59.918686,16
1041,60.085262,16
1042,60.148167,16
1043,60.14294,16
1044,60.322464,16
1045,60.34983,16
1046,60.41875,16
1047,60.36546,16
1048,60.44853,16
1049,60.63533,16
1050,60.525223,16
1051,60.504494,16
1052,60.268738,16
1053,60.289528,16
1054,60.233776,16
1055,60.295467,17
1056,60.38589,17
1057,60.57438,17
1058,60.55755,17
1059,60.672436,17
1060,60.69095,17
1061,60.617752,17
1062,60.57353,14
1063,60.57378,14
1064,60.528034,14
1065,60.335014,14
1066,60.212875,14
1067,60.223633,14
1068,60.10986,14
1069,60.156555,14
1070,60.163322,14
1071,60.246964,14
1072,60.085846,14
1073,60.093243,14
1074,60.0796,14
1075,60.006405,14
1076,60.054913,14
1077,60.156326,14
1078,60.06185,14
1079,60.0569,14
1080,60.052845,14
1081,60.031544,14
1082,59.850643,14
1083,59.90182,14
1084,59.82436,14
1085,59.876953,14
1086,59.884792,14
1087,59.95956,14
1088,60.067368,14
1089,60.08419,14
1090,60.064163,14
1091,60.227745,14
1092,60.149506,14
1093,59.990158,14
1094,59.862328,14
1095,59.69468,14
1096,59.79147,14
1097,59.964767,14
1098,60.110405,14
1099,60.09669,14
1100,60.07349,14
1101,60.196667,14
1102,60.43991,14
1103,60.393375,14
1104,60.20228,14
1105,60.26747,14
1106,60.170162,14
1107,60.161316,14
1108,60.167217,14
1109,59.954678,14
1110,59.970737,14
1111,59.98265,14
1112,59.984665,14
1113,59.970196,14
1114,59.99968,14
1115,59.771576,14
1116,59.67965,14
1117,59.71134,14
1118,59.643654,14
1119,59.66057,14
1120,59.67738,14
1121,59.672035,14
1122,59.720417,14
1123,59.71365,14
1124,59.702084,14
1125,59.753544,14
1126,59.779263,14
1127,59.70421,14
1128,59.727955,14
1129,59.710457,14
1130,59.80223,14
1131,59.665504,14
1132,59.758804,14
1133,59.852524,14
1134,59.844814,14
1135,60.002224,14
1136,60.06217,14
1137,60.0137,14
1138,60.26749,14
1139,60.158295,14
1140,60.29692,14
1141,60.44594,14
1142,60.196163,14
1143,60.35207,14
1144,59.386024,14
1145,59.394012,14
1146,59.200108,14
1147,59.20314,14
1148,59.349407,14
1149,59.177658,14
1150,59.197952,14
1151,59.28152,14
1152,59.34603,14
1153,59.342678,14
1154,59.438637,14
1155,59.271015,14
1156,59.235443,14
1157,59.275898,14
1158,59.066006,14
1159,59.229694,14
1160,59.146656,14
1161,59.192654,14
1162,59.22452,14
1163,59.36427,14
1164,59.264023,14
1165,59.197784,14
1166,58.87845,14
1167,59.00325,14
1168,58.817265,14
1169,58.87668,14
1170,58.828384,14
1171,59.038193,14
1172,59.004898,14
1173,58.99769,14
1174,59.22732,14
1175,59.027588,14
1176,59.047043,14
1177,58.76598,14
1178,58.9057,14
1179,58.991764,14
1180,59.02376,14
1181,58.8434,14
1182,58.920113,14
1183,58.992054,14
1184,59.01039,14
1185,58.93644,14
1186,59.00292,14
1187,59.13841,13
1188,59.074738,13
1189,59.01428,13
1190,59.104874,13
1191,59.162613,13
1192,59.204483,14
1193,59.214863,14
1194,59.214653,14
1195,59.1062,14
1196,59.139694,14
1197,59.15537,14
1198,59.20295,14
1199,59.192486,14
1200,59.087715,14
1201,58.948284,14
1202,58.756405,14
1203,58.629845,14
1204,58.661427,14
1205,58.80064,14
1206,58.917442,14
1207,58.80109,14
1208,58.86161,14
1209,58.887325,14
1210,58.90941,14
1211,58.938763,14
1212,58.880733,14
1213,58.83947,14
1214,58.88157,14
1215,58.944862,14
1216,59.015316,14
1217,59.061962,14
1218,58.90634,14
1219,58.894196,14
1220,58.60634,14
1221,58.78976,14
1222,58.647305,14
1223,58.672318,14
1224,58.902164,15
1225,58.748924,15
1226,58.621758,15
1227,58.591778,15
1228,58.557106,15
1229,58.628746,15
1230,58.68007,15
1231,58.823616,15
1232,58.735806,15
1233,58.69983,15
1234,58.634087,15
1235,58.635456,15
1236,58.681297,15
1237,58.84915,15
1238,59.054695,15
1239,58.875134,15
1240,58.723263,15
1241,58.568882,15
1242,58.669304,15
1243,58.53653,15
1244,58.249577,15
1245,58.345577,15
1246,58.499424,15
1247,58.674496,15
1248,58.659794,15
1249,58.456112,15
1250,58.281548,15
1251,58.401154,15
1252,58.50628,15
1253,58.535492,15
1254,58.62796,15
1255,58.67891,15
1256,58.716827,15
1257,58.8717,15
1258,58.92381,15
1259,58.868195,16
1260,58.841858,16
1261,58.935566,16
1262,58.81378,16
1263,58.94054,16
1264,59.009064,16
1265,58.85003,16
1266,58.881157,16
1267,58.719128,16
1268,58.7845,16
1269,59.00512,16
1270,59.09973,16
1271,58.987232,16
1272,58.990067,16
1273,59.1652,16
1274,59.275352,16
1275,59.271164,16
1276,59.292088,16
1277,59.31019,16
1278,59.23174,16
1279,59.237713,16
1280,59.104885,16
1281,59.38228,16
1282,59.232666,16
1283,59.376545,16
1284,59.307552,16
1285,59.314636,16
1286,59.395752,16
1287,59.434654,16
1288,59.24927,16
1289,59.153538,16
1290,59.202896,16
1291,59.144997,16
1292,59.038227,16
1293,59.1361,16
1294,59.264362,16
1295,59.305447,16
1296,59.458256,16
1297,59.44228,16
1298,59.43469,16
1299,59.42504,16
1300,59.436302,16
1301,59.279675,16
1302,59.314777,16
1303,59.307262,16
1304,59.394623,16
1305,59.41913,16
1306,59.48079,16
1307,59.504917,16
1308,59.634274,16
1309,59.82997,16
1310,59.9921,16
1311,60.087257,16
1312,60.180862,16
1313,60.316917,13
1314,60.269527,13
1315,60.291283,13
1316,60.270737,13
1317,60.3604,13
1318,60.20837,13
1319,59.942574,13
1320,59.655724,14
1321,59.770863,14
1322,59.739742,14
1323,59.489674,14
1324,59.530415,14
1325,59.336655,14
1326,59.359055,14
1327,59.337982,14
1328,59.44048,14
1329,59.146477,14
1330,59.310745,14
1331,59.241142,14
1332,59.36095,14
1333,59.292007,14
1334,59.450203,14
1335,59.422935,14
1336,59.07953,14
1337,58.98388,14
1338,58.8483,14
1339,58.830864,14
1340,58.856323,14
1341,58.56321,11
1342,58.648376,11
1343,58.492615,11
1344,58.31941,11
1345,58.184452,11
1346,57.89293,11
1347,58.075832,11
1348,58.018948,11
1349,57.96334,11
1350,58.03035,11
1351,57.960083,11
1352,58.03788,11
1353,58.09787,11
1354,58.30206,11
1355,58.277046,11
1356,58.398342,11
1357,58.548542,11
1358,58.445198,11
1359,58.560555,11
1360,58.692757,11
1361,58.500587,11
1362,58.458195,11
1363,58.709846,11
1364,58.644707,11
1365,58.69303,11
1366,58.912292,11
1367,58.986866,12
1368,58.942303,12
1369,58.83717,12
1370,58.63167,12
1371,58.841442,12
1372,59.05289,12
1373,58.945103,12
1374,58.80966,12
1375,58.952267,12
1376,58.882668,12
1377,58.729755,12
1378,58.443985,12
1379,58.487587,12
1380,58.556404,12
1381,58.65683,12
1382,58.72801,12
1383,58.95895,12
1384,58.91157,12
1385,58.95745,12
1386,59.10393,12
1387,59.003063,13
1388,59.017395,13
1389,59.074028,13
1390,59.17139,13
1391,59.17913,14
1392,59.198532,14
1393,59.246937,14
1394,59.320335,14
1395,59.266964,14
1396,59.36603,14
1397,59.619152,14
1398,59.405247,14
1399,59.44845,14
1400,59.69908,14
1401,59.475414,14
1402,59.60959,14
1403,59.58425,14
1404,59.379723,14
1405,59.232933,14
1406,59.31724,14
1407,59.39157,14
1408,59.638676,14
1409,59.449085,14
1410,59.533634,14
1411,59.688747,14
1412,59.73981,14
1413,59.773144,14
1414,59.79536,14
1415,59.919228,15
1416,60.114292,15
1417,59.86813,15
1418,59.83585,15
1419,59.82147,15
1420,59.594822,15
1421,59.51294,15
1422,59.35923,15
1423,58.999546,15
1424,59.06558,15
1425,59.078064,15
1426,59.221714,15
1427,59.338722,15
1428,59.36097,15
1429,59.429302,15
1430,59.348137,15
1431,59.214455,15
1432,59.062748,15
1433,58.909187,15
1434,58.98428,15
1435,59.11172,15
1436,59.16675,15
1437,59.10477,15
1438,59.128613,15
1439,59.187542,15
1440,59.02959,15
1441,58.819443,15
1442,58.95966,15
1443,58.98453,15
1444,59.077953,15
1445,59.05467,15
1446,59.332516,15
1447,59.399174,15
1448,59.360653,15
1449,59.406845,15
1450,59.48363,15
1451,59.448334,15
1452,59.50362,15
1453,59.28515,15
1454,59.373547,15
1455,59.402153,14
1456,59.215195,14
1457,59.21901,14
1458,59.197563,14
1459,59.17053,14
1460,59.25485,14
1461,59.158512,14
1462,59.005478,14
1463,59.04492,14
1464,58.978355,14
1465,58.8302,14
1466,58.82075,14
1467,58.796093,14
1468,58.963478,14
1469,58.89161,14
1470,58.80959,14
1471,58.976463,14
1472,59.0352,14
1473,59.09062,14
1474,59.247692,14
1475,59.182224,14
1476,58.8624,14
1477,58.92231,14
1478,58.759216,14
1479,58.566288,14
1480,58.435028,14
1481,58.533695,14
1482,58.235657,14
1483,58.510788,14
1484,58.63628,14
1485,58.486816,14
1486,58.635098,14
1487,58.619785,14
1488,58.78481,14
1489,58.73807,14
1490,58.826633,14
1491,58.74989,14
1492,58.701874,14
1493,58.876003,14
1494,59.06792,14
1495,59.095314,14
1496,59.03195,14
1497,59.187843,14
1498,59.23261,14
1499,59.06901,14
1500,58.9952,14
1501,59.050762,14
1502,58.826817,14
1503,58.59954,14
1504,58.618248,14
1505,58.785934,14
1506,58.833237,14
1507,59.0193,14
1508,58.819542,14
1509,58.608192,14
1510,58.76623,15
1511,58.89615,15
1512,58.65309,15
1513,58.71628,15
1514,58.756203,15
1515,58.648106,15
1516,58.750217,15
1517,58.78691,15
1518,58.83975,15
1519,58.643913,14
1520,58.524853,14
1521,58.66036,14
1522,58.871624,14
1523,58.88683,14
1524,58.856377,14
1525,58.871513,14
1526,58.84125,14
1527,58.84398,14
1528,58.76247,14
1529,58.592186,14
1530,58.600327,14
1531,58.48379,14
1532,58.45353,14
1533,58.407146,14
1534,58.52133,14
1535,58.568035,14
1536,58.44484,14
1537,58.530334,14
1538,58.46658,14
1539,58.625797,14
1540,58.789837,14
1541,58.839993,14
1542,58.92079,14
1543,58.816166,14
1544,58.823967,14
1545,58.978653,14
1546,59.126335,14
1547,59.175587,14
1548,59.257122,14
1549,59.217735,14
1550,59.213825,14
1551,59.268284,14
1552,59.4039,14
1553,59.45975,14
1554,59.619347,14
1555,59.64605,14
1556,59.830875,14
1557,59.85849,14
1558,59.885117,14
1559,59.775158,14
1560,59.848927,14
1561,59.763115,14
1562,59.890636,15
1563,59.87848,15
1564,59.753834,15
1565,59.896767,15
1566,59.87599,15
1567,59.713398,15
1568,59.73075,15
1569,59.7463,15
1570,59.536633,15
1571,59.426563,15
1572,59.43981,15
1573,59.503807,15
1574,59.698055,15
1575,59.730755,15
1576,59.675995,15
1577,59.460625,15
1578,59.53583,15
1579,59.604523,15
1580,59.576405,15
1581,59.879364,15
1582,59.93994,15
1583,59.79601,13
1584,59.657696,13
1585,59.83622,13
1586,59.74745,13
1587,59.820015,13
1588,59.858315,13
1589,59.88368,13
1590,59.84426,14
1591,59.88297,14
1592,59.766205,14
1593,59.66645,14
1594,59.75786,14
1595,59.68933,14
1596,59.73289,14
1597,59.78533,14
1598,59.74333,14
1599,59.775333,14
1600,59.832294,14
1601,59.77026,14
1602,59.59271,14
1603,59.411823,14
1604,59.430145,14
1605,59.197315,14
1606,59.18502,15
1607,59.194912,15
1608,59.3365,15
1609,59.355415,15
1610,59.098396,15
1611,58.957275,15
1612,59.130466,15
1613,59.244045,15
1614,59.093956,15
1615,58.981598,15
1616,59.185402,15
1617,59.22679,15
1618,58.947773,15
1619,58.95023,15
1620,58.88039,15
1621,58.910652,15
1622,58.862034,15
1623,58.779114,15
1624,58.71182,15
1625,58.61244,15
1626,58.78344,15
1627,58.724297,15
1628,58.668514,15
1629,58.557076,15
1630,58.609406,15
1631,58.86874,15
1632,58.87061,15
1633,58.86731,15
1634,58.63255,15
1635,58.724552,15
1636,58.81772,15
1637,58.909103,15
1638,58.73873,15
1639,58.719303,15
1640,58.6013,15
1641,58.550167,15
1642,58.608917,15
1643,58.480038,15
1644,58.81728,15
1645,58.98193,15
1646,58.9107,15
1647,58.82463,15
1648,58.8459,15
1649,58.993965,15
1650,58.609604,12
1651,58.517834,12
1652,58.579964,12
1653,58.611237,12
1654,58.53359,12
1655,58.6126,12
1656,58.735584,12
1657,58.956875,12
1658,59.087204,12
1659,59.26856,12
1660,59.288696,12
1661,58.939938,12
1662,59.02946,12
1663,59.00927,12
1664,58.948185,12
1665,58.782864,12
1666,58.477394,12
1667,58.34691,12
1668,58.233284,12
1669,58.267735,12
1670,58.224537,12
1671,58.426346,12
1672,58.40522,12
1673,58.700542,12
1674,58.570923,12
1675,58.569397,12
1676,58.555332,12
1677,58.713387,12
1678,58.825943,12
1679,58.822437,12
1680,58.86269,12
1681,58.95155,12
1682,58.989864,12
1683,59.025135,12
1684,59.09194,12
1685,58.918667,12
1686,58.987778,12
1687,58.989597,12
1688,58.871883,12
1689,58.995846,12
1690,58.84771,12
1691,58.78973,12
1692,59.061234,12
1693,58.798275,12
1694,58.773876,13
1695,58.70103,13
1696,58.763763,13
1697,58.583927,13
1698,58.636765,13
1699,58.53163,13
1700,58.48295,13
1701,58.74573,14
1702,58.573334,14
1703,58.68873,14
1704,58.756172,14
1705,58.775784,14
1706,58.84313,14
1707,58.94406,14
1708,59.01389,14
1709,59.18185,14
1710,59.25552,14
1711,59.41533,14
1712,59.253662,14
1713,59.16444,14
1714,59.10488,14
1715,59.0324,14
1716,58.93193,14
1717,59.094162,14
1718,59.041496,15
1719,59.000057,15
1720,58.944977,15
1721,58.8583,15
1722,58.794636,15
1723,58.957024,15
1724,58.902603,15
1725,58.821613,15
1726,58.545033,15
1727,58.73039,15
1728,58.78554,15
1729,58.833164,15
1730,58.71337,15
1731,58.684258,15
1732,58.635765,15
1733,58.46621,15
1734,58.607525,15
1735,58.606945,15
1736,58.693104,15
1737,58.77962,15
1738,58.87073,15
1739,58.635994,15
1740,58.492332,15
1741,58.387726,15
1742,58.127975,15
1743,58.139755,15
1744,58.352413,15
1745,58.43287,15
1746,58.352753,15
1747,58.263004,15
1748,58.51782,15
1749,58.59498,15
1750,58.45793,15
1751,58.40725,15
1752,58.307312,15
1753,58.112217,15
1754,58.103413,15
1755,58.10872,15
1756,58.196495,15
1757,58.0275,15
1758,58.202084,15
1759,58.190464,15
1760,58.208107,15
1761,58.038273,15
1762,58.206127,15
1763,58.294346,15
1764,58.172684,15
1765,58.34284,15
1766,58.44364,15
1767,58.58727,15
1768,58.499165,15
1769,58.665337,15
1770,58.638344,15
1771,58.68384,15
1772,58.82914,15
1773,58.922047,15
1774,59.125122,15
1775,59.178955,15
1776,58.979794,15
1777,59.077427,15
1778,59.302326,15
1779,59.242043,15
1780,59.374493,15
1781,59.550705,15
1782,59.561115,15
1783,59.64503,14
1784,59.60719,14
1785,59.583946,14
1786,59.65461,14
1787,59.67345,14
1788,59.66058,15
1789,59.470936,15
1790,59.57225,15
1791,59.5126,15
1792,59.624836,15
1793,59.802742,15
1794,59.56921,15
1795,59.514576,15
1796,59.379288,16
1797,59.474873,16
1798,59.50819,16
1799,59.50744,16
1800,59.571297,16
1801,59.668488,16
1802,59.60828,16
1803,59.581455,16
1804,59.408142,16
1805,59.421867,16
1806,59.392075,16
1807,59.55347,16
1808,59.72005,16
1809,59.915306,16
1810,59.694897,16
1811,59.636105,16
1812,59.45508,16
1813,59.250412,16
1814,59.138607,16
1815,59.353302,16
1816,59.53947,16
1817,59.369137,16
1818,59.386047,16
1819,59.425014,16
1820,59.273926,16
1821,59.163574,16
1822,58.970272,16
1823,58.98698,16
1824,58.81402,16
1825,58.73099,16
1826,58.678326,16
1827,58.53138,16
1828,58.497025,16
1829,58.317226,16
1830,58.322674,16
1831,58.384705,16
1832,58.2835,16
1833,58.367104,16
1834,58.431667,16
1835,58.308586,16
1836,58.396175,16
1837,58.501106,16
1838,58.543224,16
1839,58.372585,16
1840,58.442074,16
1841,58.51465,16
1842,58.677025,16
1843,58.735386,16
1844,58.959312,16
1845,59.01912,16
1846,59.24275,16
1847,59.222675,16
1848,59.193295,16
1849,59.39039,16
1850,59.424007,16
1851,59.264824,16
1852,59.35801,16
1853,59.36778,15
1854,59.62321,15
1855,59.68122,15
1856,59.582787,15
1857,59.460117,15
1858,59.433136,15
1859,59.449604,15
1860,59.527035,15
1861,59.51043,15
1862,59.508198,15
1863,59.583046,15
1864,59.77452,15
1865,59.811325,16
1866,59.53654,16
1867,59.5731,16
1868,59.684467,16
1869,59.691677,16
1870,59.713337,16
1871,59.657364,16
1872,59.73986,16
1873,59.64739,16
1874,59.73343,16
1875,59.82276,16
1876,59.970337,16
1877,59.983723,16
1878,59.793156,16
1879,59.751804,16
1880,59.77074,16
1881,59.923256,16
1882,60.00613,16
1883,59.97564,16
1884,60.00713,16
1885,59.95068,16
1886,59.987423,16
1887,60.00965,16
1888,60.003548,16
1889,60.109394,16
1890,60.00829,16
1891,60.092438,16
1892,60.015423,17
1893,59.940067,17
1894,60.012394,17
1895,59.779568,17
1896,59.86808,17
1897,59.84717,17
1898,59.880096,17
1899,59.910583,17
1900,59.87067,17
1901,59.82446,17
1902,59.91787,17
1903,59.893566,17
1904,59.84726,17
1905,59.72323,14
1906,59.791653,14
1907,59.88125,14
1908,59.90373,14
1909,59.95353,14
1910,59.828632,14
1911,59.758305,14
1912,59.650646,14
1913,59.555626,14
1914,59.61926,14
1915,59.776028,14
1916,59.817245,14
1917,59.41889,14
1918,59.19037,14
1919,59.074196,14
1920,59.166508,14
1921,59.036636,14
1922,58.83903,14
1923,58.90471,14
1924,58.948452,14
1925,58.998734,14
1926,59.200676,14
1927,59.158478,14
1928,59.13795,14
1929,59.19666,14
1930,59.00821,14
1931,59.051426,14
1932,58.956085,14
1933,58.9346,14
1934,58.852783,14
1935,58.722248,14
1936,58.765285,11
1937,58.704376,11
1938,58.889687,11
1939,58.884834,11
1940,58.912273,11
1941,58.93733,11
1942,58.994057,11
1943,58.85459,11
1944,58.814682,11
1945,58.782803,11
1946,58.906418,11
1947,58.79286,11
1948,58.86013,11
1949,58.948376,11
1950,58.972363,11
1951,58.781704,11
1952,58.88228,11
1953,58.98151,11
1954,58.947205,11
1955,59.022873,11
1956,59.291035,11
1957,59.082546,11
1958,59.133324,11
1959,59.205204,11
1960,59.235783,11
1961,59.238018,11
1962,58.97171,11
1963,59.11558,11
1964,59.228653,11
1965,59.31279,11
1966,59.194546,11
1967,59.331226,11
1968,59.164764,11
1969,59.335846,11
1970,59.35582,11
1971,59.441063,11
1972,59.54102,11
1973,59.39022,11
1974,59.47259,11
1975,59.50476,11
1976,59.64493,11
1977,59.779724,11
1978,59.810207,11
1979,59.79201,11
1980,59.59308,11
1981,59.660397,11
1982,59.358734,11
1983,59.126907,11
1984,58.665077,11
1985,58.6245,11
1986,58.72445,11
1987,58.789215,13
1988,58.932224,13
1989,58.909737,13
1990,58.71808,13
1991,58.487072,13
1992,58.642582,13
1993,58.578667,13
1994,58.503365,13
1995,58.529037,13
1996,58.58693,13
1997,58.575863,13
1998,58.514694,13
1999,58.42109,13
2000,58.726284,13
2001,58.603188,13
2002,58.68871,13
2003,58.701477,13
2004,58.699795,13
2005,58.642445,13
2006,58.85611,13
2007,58.943096,13
2008,58.904137,13
2009,59.027733,13
2010,58.923447,13
2011,58.93696,13
2012,59.035336,13
2013,58.806767,13
2014,58.91899,13
2015,59.023354,13
2016,59.034653,13
2017,59.116096,13
2018,59.1848,13
2019,59.149075,13
2020,59.022137,13
2021,58.994953,14
2022,58.835594,14
2023,58.818142,14
2024,58.688805,14
2025,58.540333,14
2026,58.576508,14
2027,58.493843,14
2028,58.42039,14
2029,58.452595,14
2030,58.608307,14
2031,58.588223,14
2032,58.66545,14
2033,58.86617,14
2034,58.78227,14
2035,58.997795,14
2036,58.985626,14
2037,58.96529,14
2038,59.005924,14
2039,59.05332,14
2040,58.796177,14
2041,58.71964,14
2042,58.68605,14
2043,58.86491,14
2044,58.754234,14
2045,58.851357,14
2046,58.886467,14
2047,58.906128,14
2048,59.078278,14
2049,58.86235,15
2050,58.92423,15
2051,58.875008,15
2052,58.73295,15
2053,58.91433,15
2054,59.067764,15
2055,58.741123,15
2056,58.80296,15
2057,59.009384,15
2058,58.9249,15
2059,59.000595,15
2060,58.83837,15
2061,58.776535,15
2062,58.977283,15
2063,58.79448,15
2064,58.836067,15
2065,58.68971,15
2066,58.75461,15
2067,58.894527,15
2068,59.16655,15
2069,59.169403,15
2070,59.297997,15
2071,59.194717,15
2072,59.25096,15
2073,59.338142,15
2074,59.549744,15
2075,59.63268,15
2076,59.59568,15
2077,59.603374,15
2078,59.582806,15
2079,59.513187,15
2080,59.56451,15
2081,59.69908,15
2082,59.796867,15
2083,59.73479,16
2084,59.63124,16
2085,59.6504,16
2086,59.732258,16
2087,59.872753,16
2088,59.78628,16
2089,59.87882,16
2090,59.815384,16
2091,59.781998,16
2092,59.65708,16
2093,59.41261,16
2094,59.322186,16
2095,59.36437,16
2096,59.40735,16
2097,59.515896,16
2098,59.50364,16
2099,59.276722,16
2100,58.995834,16
2101,59.09364,16
2102,58.997517,16
2103,58.89241,16
2104,58.697517,16
2105,58.79391,16
2106,58.993885,16
2107,58.864,16
2108,58.59791,16
2109,58.689873,16
2110,58.58154,16
2111,58.45684,16
2112,58.385906,15
2113,58.426502,15
2114,58.242474,15
2115,58.205673,15
2116,58.20633,15
2117,58.408737,15
2118,58.44004,15
2119,58.421764,15
2120,58.511784,15
2121,58.598007,15
2122,58.48071,15
2123,58.71768,15
2124,58.869194,15
2125,58.952076,15
2126,58.894424,15
2127,59.018715,15
2128,58.983337,15
2129,58.985397,15
2130,58.910084,15
2131,58.92604,15
2132,58.50668,15
2133,58.725296,15
2134,58.64981,15
2135,58.57133,15
2136,58.47817,15
2137,58.280243,15
2138,58.21188,15
2139,58.359623,15
2140,58.276226,15
2141,58.5956,15
2142,58.42932,15
2143,58.50938,15
2144,58.697258,15
2145,58.643173,15
2146,58.717537,15
2147,58.918964,15
2148,58.827007,15
2149,58.691635,15
2150,58.70023,15
2151,58.804825,15
2152,58.58189,15
2153,58.53217,15
2154,58.474598,15
2155,58.395657,15
2156,58.689606,15
2157,58.728287,15
2158,58.60679,15
2159,58.62962,15
2160,58.74725,15
2161,58.61076,15
2162,58.49103,15
2163,58.590927,15
2164,58.714146,15
2165,58.609997,15
2166,58.595146,15
2167,58.508614,15
2168,58.674576,16
2169,58.453915,16
2170,58.605015,16
2171,58.677994,16
2172,58.720215,16
2173,58.74011,16
2174,58.84983,16
2175,58.948555,16
2176,58.834953,16
2177,58.74696,16
2178,58.613396,17
2179,58.86561,17
2180,58.84451,17
2181,58.697483,17
2182,58.70316,17
2183,58.802284,17
2184,58.900078,17
2185,58.718964,17
2186,58.68475,17
2187,58.751038,17
2188,59.05329,17
2189,58.924393,17
2190,58.626625,15
2191,58.684475,15
2192,58.722706,15
2193,58.923843,15
2194,59.032265,15
2195,59.088505,15
2196,58.999912,15
2197,59.075184,15
2198,58.85561,15
2199,58.835052,15
2200,58.683018,15
2201,58.64991,15
2202,58.630787,15
2203,58.90134,15
2204,58.64365,15
2205,58.57858,15
2206,58.448265,15
2207,58.260586,15
2208,58.387993,15
2209,58.481182,15
2210,58.553593,15
2211,58.63321,15
2212,58.776318,15
2213,58.813698,15
2214,58.804096,15
2215,58.85004,15
2216,59.009758,15
2217,58.97033,15
2218,59.001686,15
2219,59.033867,15
2220,59.111607,15
2221,59.243553,15
2222,59.184708,12
2223,59.11248,12
2224,59.05587,12
2225,59.02668,12
2226,59.19002,12
2227,59.191734,12
2228,59.24013,12
2229,59.03716,12
2230,58.734695,12
2231,58.774155,12
2232,58.95385,12
2233,58.93253,12
2234,58.915123,12
2235,58.725933,12
2236,58.6561,12
2237,58.354813,12
2238,58.560062,12
2239,58.769073,12
2240,58.84455,12
2241,58.729214,12
2242,58.7126,12
2243,58.74919,12
2244,58.563778,12
2245,58.31853,12
2246,58.455116,12
2247,58.21648,12
2248,58.226963,12
2249,58.30989,12
2250,58.248867,12
2251,58.24014,12
2252,58.316273,12
2253,58.40022,12
2254,58.469723,12
2255,58.457706,12
2256,58.47563,12
2257,58.319828,12
2258,58.4591,12
2259,58.53149,12
2260,58.54338,12
2261,58.72411,12
2262,58.7266,12
2263,58.585606,12
2264,58.681274,12
2265,58.84991,12
2266,58.93688,12
2267,59.045097,12
2268,58.900684,12
2269,58.847267,12
2270,58.829185,12
2271,59.04787,12
2272,59.171844,12
2273,59.335995,13
2274,59.38036,13
2275,59.363014,13
2276,59.385345,13
2277,59.133507,13
2278,58.95684,13
2279,58.967037,13
2280,58.67821,13
2281,58.807926,13
2282,58.44222,13
2283,58.46305,13
2284,58.511246,13
2285,58.61637,13
2286,58.64172,13
2287,58.56629,13
2288,58.819134,13
2289,58.828213,13
2290,58.913757,13
2291,59.066113,13
2292,59.086063,13
2293,59.365696,13
2294,59.213913,13
2295,58.984077,13
2296,59.042244,13
2297,59.204376,13
2298,59.275356,13
2299,58.96624,13
2300,58.858383,13
2301,58.779793,13
2302,58.758076,13
2303,58.71654,13
2304,58.63747,13
2305,58.597424,13
2306,58.559227,13
2307,58.734924,13
2308,58.798386,13
2309,58.82251,13
2310,58.83224,13
2311,58.893562,13
2312,58.90855,13
2313,58.949844,13
2314,58.901814,13
2315,59.06909,13
2316,58.956787,13
2317,58.999245,13
2318,59.096455,13
2319,59.156353,13
2320,59.29624,13
2321,59.229374,13
2322,59.19735,13
2323,59.258385,13
2324,59.07158,13
2325,59.109863,13
2326,59.17753,13
2327,59.315117,13
2328,59.449677,13
2329,59.44007,13
2330,59.52202,13
2331,59.538574,13
2332,59.643707,13
2333,59.5693,13
2334,59.596096,13
2335,59.459682,13
2336,59.66151,13
2337,59.77023,13
2338,59.657192,13
2339,59.673466,13
2340,59.792545,13
2341,59.72476,13
2342,59.838947,13
2343,59.722504,13
2344,59.707172,13
2345,59.666767,13
2346,59.87385,13
2347,59.77831,14
2348,59.821205,14
2349,59.56262,14
2350,59.51038,14
2351,59.483013,14
2352,59.5837,14
2353,59.518337,14
2354,59.44277,14
2355,59.122795,14
2356,59.171093,14
2357,58.9627,14
2358,58.788136,14
2359,58.580063,14
2360,58.840816,14
2361,58.720192,14
2362,58.690117,14
2363,58.83793,14
2364,58.886417,14
2365,58.56538,14
2366,58.653168,14
2367,58.637653,14
2368,58.61792,15
2369,58.531544,15
2370,58.445972,15
2371,58.314507,15
2372,58.347794,15
2373,58.370216,15
2374,58.312733,15
2375,58.373177,15
2376,58.29498,15
2377,58.373665,15
2378,58.197254,15
2379,58.128376,16
2380,58.187542,16
2381,58.11418,16
2382,58.062386,16
2383,57.9208,17
2384,57.891445,17
2385,57.948746,17
2386,57.97146,17
2387,57.96331,17
2388,58.02158,17
2389,58.169113,17
2390,58.037327,17
2391,57.986866,17
2392,58.056744,17
2393,58.038963,17
2394,58.257637,17
2395,58.495094,17
2396,58.436993,17
2397,58.379505,17
2398,58.21328,17
2399,58.312454,17
2400,58.165897,17
2401,58.293213,17
2402,58.374046,17
2403,58.203964,17
2404,58.293438,17
2405,58.369514,17
2406,58.468273,17
2407,58.52387,17
2408,58.4325,17
2409,58.68896,17
2410,58.72518,17
2411,58.806965,17
2412,58.847176,17
2413,58.906937,17
2414,58.81755,17
2415,58.959255,17
2416,59.096756,17
2417,59.01345,17
2418,59.00719,17
2419,59.06239,17
2420,59.266705,17
2421,59.315517,17
2422,59.1899,17
2423,59.378017,17
2424,59.389862,17
2425,59.623913,17
2426,59.4727,17
2427,59.500298,17
2428,59.2952,17
2429,59.228085,17
2430,59.084274,17
2431,59.06793,17
2432,58.94188,17
2433,59.19202,17
2434,59.19482,17
2435,59.23568,17
2436,58.893818,17
2437,58.930367,17
2438,58.81963,17
2439,58.725727,17
2440,58.668682,16
2441,58.51698,16
2442,58.53877,16
2443,58.689972,16
2444,58.59423,16
2445,58.66421,16
2446,58.53399,16
2447,58.526905,16
2448,58.68954,16
2449,58.732014,16
2450,58.64614,16
2451,58.620274,16
2452,58.780495,16
2453,58.884712,16
2454,59.03671,16
2455,59.28554,16
2456,59.183193,16
2457,59.39416,16
2458,59.20402,16
2459,58.97307,16
2460,59.099327,16
2461,59.340675,16
2462,59.340218,16
2463,59.220303,17
2464,59.43316,17
2465,59.39483,17
2466,59.533955,17
2467,59.56059,17
2468,59.40079,17
2469,59.460796,17
2470,59.380116,18
2471,59.262222,18
2472,59.42254,18
2473,59.335506,18
2474,59.36095,18
2475,59.579845,18
2476,59.64684,18
2477,59.607304,18
2478,59.35269,18
2479,59.376556,18
2480,59.509125,18
2481,59.465416,18
2482,59.27582,18
2483,59.49735,18
2484,59.515205,18
2485,59.41993,18
2486,59.646828,18
2487,59.545662,18
2488,59.396343,18
2489,59.390594,18
2490,59.546158,18
2491,59.488754,18
2492,59.32364,18
2493,59.39199,15
2494,59.44307,15
2495,59.477818,15
2496,59.361866,15
2497,59.400665,15
2498,59.270264,15
2499,59.387955,15
2500,59.33206,15
2501,59.37444,15
2502,59.461906,12
2503,59.552994,12
2504,59.741512,12
2505,59.555954,12
2506,59.49042,12
2507,59.515076,12
2508,59.53384,12
2509,59.55909,12
2510,59.48504,12
2511,59.609344,12
2512,59.688442,12
2513,59.630325,12
2514,59.36106,12
2515,59.54399,12
2516,59.52124,11
2517,59.40486,11
2518,59.498943,11
2519,59.59351,11
2520,59.50561,11
2521,59.314087,11
2522,59.204674,11
2523,59.109715,11
2524,59.12802,11
2525,59.242683,11
2526,59.25238,11
2527,59.240585,11
2528,59.31859,11
2529,59.481945,11
2530,59.549427,11
2531,59.10722,11
2532,59.19892,11
2533,59.04003,11
2534,58.87247,11
2535,59.002598,11
2536,58.89939,11
2537,58.87561,11
2538,58.78685,11
2539,58.808838,11
2540,58.9401,11
2541,59.133842,11
2542,59.19906,11
2543,59.370865,11
2544,59.349632,11
2545,59.46297,11
2546,59.364536,11
2547,59.31976,11
2548,59.583298,11
2549,59.59921,11
2550,59.493076,11
2551,59.595352,11
2552,59.809227,11
2553,59.61553,11
2554,59.8318,11
2555,59.697025,11
2556,59.658237,11
2557,59.7918,11
2558,59.554466,11
2559,59.65248,12
2560,59.65797,12
2561,59.780445,12
2562,59.701134,12
2563,59.552197,12
2564,59.762356,12
2565,59.735954,12
2566,59.49853,12
2567,59.528156,12
2568,59.447186,12
2569,59.319225,12
2570,59.130722,12
2571,58.93374,12
2572,58.944614,12
2573,59.14618,12
2574,59.13244,12
2575,59.263763,12
2576,59.269398,12
2577,58.99823,12
2578,58.954533,12
2579,59.099075,12
2580,59.237137,12
2581,59.06192,12
2582,58.936916,13
2583,59.00833,13
2584,59.043427,13
2585,58.880405,13
2586,58.762566,13
2587,58.968143,13
2588,59.175274,13
2589,59.23289,13
2590,59.28742,13
2591,59.381012,13
2592,59.388813,13
2593,59.453693,13
2594,59.501347,13
2595,59.591152,13
2596,59.521,13
2597,59.536674,13
2598,59.723843,13
2599,59.657543,13
2600,59.683033,13
2601,59.612995,13
2602,59.625473,13
2603,59.65184,13
2604,59.875023,13
2605,59.787235,13
2606,59.666348,13
2607,59.67363,13
2608,59.692627,13
2609,59.71711,13
2610,59.731346,13
2611,59.78861,13
2612,59.89718,13
2613,60.041283,13
2614,59.930096,13
2615,59.75435,13
2616,59.751045,13
2617,59.771324,13
2618,59.80993,13
2619,59.825985,13
2620,59.826237,13
2621,59.62662,13
2622,59.59042,13
2623,59.64243,13
2624,59.589375,13
2625,59.602913,13
2626,59.66263,13
2627,59.529922,13
2628,59.522923,13
2629,59.15923,13
2630,59.33666,13
2631,59.297325,13
2632,59.514107,13
2633,59.501495,13
2634,59.531475,13
2635,59.51841,13
2636,59.777027,13
2637,59.53227,13
2638,59.55295,13
2639,59.652973,13
2640,59.683414,13
2641,59.668247,13
2642,59.609325,13
2643,59.699726,13
2644,59.67189,13
2645,59.668137,13
2646,59.489494,13
2647,59.27132,13
2648,59.080734,13
2649,59.1464,13
2650,58.882168,13
2651,58.807175,13
2652,59.027596,13
2653,59.07814,13
2654,58.958843,13
2655,58.972656,14
2656,59.0716,14
2657,59.126606,14
2658,59.148785,14
2659,59.21709,14
2660,59.169487,14
2661,58.937195,14
2662,58.785007,14
2663,58.77696,14
2664,58.863632,14
2665,58.966118,14
2666,58.690327,14
2667,58.879356,14
2668,59.1198,14
2669,59.170547,14
2670,59.302895,14
2671,59.337883,14
2672,59.604618,14
2673,59.659702,14
2674,59.542664,15
2675,59.424526,15
2676,59.2363,15
2677,59.071877,15
2678,59.005516,15
2679,59.111927,15
2680,59.128452,15
2681,59.067894,15
2682,59.08656,15
2683,59.06563,15
2684,59.10332,15
2685,59.156315,15
2686,59.29323,15
2687,59.36858,15
2688,59.35072,15
2689,59.456226,15
2690,59.380768,15
2691,59.35339,15
2692,59.401466,15
2693,59.39907,15
2694,59.621517,15
2695,59.554417,15
2696,59.48474,15
2697,59.5973,15
2698,59.702854,15
2699,59.52013,15
2700,59.65071,15
2701,59.775818,15
2702,59.67514,15
2703,59.684803,15
2704,59.7019,15
2705,59.63768,15
2706,59.658688,15
2707,59.488358,15
2708,59.430454,15
2709,59.47499,15
2710,59.607887,15
2711,59.778023,15
2712,59.76805,16
2713,59.893,16
2714,59.793533,16
2715,59.799644,16
2716,59.763626,16
2717,59.792423,16
2718,59.971928,16
2719,60.117958,16
2720,60.26301,16
2721,60.258347,16
2722,60.3403,16
2723,60.458782,16
2724,60.62614,16
2725,60.616734,16
2726,60.599655,16
2727,60.673595,16
2728,60.778843,16
2729,60.782948,16
2730,60.742687,16
2731,60.933125,16
2732,60.928226,16
2733,61.090107,16
2734,61.047245,16
2735,60.999924,16
2736,61.02087,16
2737,60.87482,16
2738,60.591747,16
2739,60.681595,16
2740,60.629494,16
2741,60.65131,16
2742,60.53452,16
2743,60.528008,16
2744,60.59775,16
2745,60.571655,16
2746,60.5562,16
2747,60.73785,16
2748,60.535896,16
2749,60.277065,16
2750,60.370884,16
2751,60.366444,16
2752,60.343704,17
2753,60.440556,17
2754,60.35941,17
2755,60.329746,17
2756,60.321037,17
2757,60.36844,17
2758,60.453453,17
2759,60.487198,17
2760,60.55927,14
2761,60.60745,14
2762,60.2738,14
2763,60.01142,14
2764,59.86811,14
2765,59.75101,14
2766,59.82104,14
2767,59.946396,13
2768,59.94071,13
2769,60.22705,13
2770,60.212147,13
2771,59.96457,13
2772,59.794765,13
2773,59.719112,13
2774,59.562332,13
2775,59.43581,13
2776,59.460674,14
2777,59.442574,14
2778,59.647312,14
2779,59.701313,14
2780,59.88021,14
2781,59.91046,14
2782,59.978695,14
2783,60.024227,15
2784,59.99791,15
2785,59.872116,15
2786,59.966274,15
2787,59.932983,15
2788,59.789204,15
2789,59.64692,13
2790,59.808113,13
2791,59.974033,13
2792,59.75063,13
2793,59.791054,13
2794,59.946365,13
2795,60.137604,13
2796,60.27988,13
2797,60.273605,13
2798,60.426643,13
2799,60.58551,13
2800,60.617237,13
2801,60.727592,13
2802,60.827896,13
2803,60.89831,13
2804,60.879833,13
2805,60.789104,13
2806,60.853767,13
2807,60.95393,13
2808,60.486244,13
2809,60.289143,13
2810,60.01631,13
2811,60.116398,13
2812,60.218754,13
2813,60.379696,13
2814,60.441536,13
2815,60.535553,13
2816,60.622215,13
2817,60.605118,13
2818,60.77267,13
2819,60.782894,13
2820,60.839878,13
2821,60.838974,13
2822,60.872044,13
2823,60.818237,13
2824,60.745632,13
2825,60.69111,13
2826,60.57695,13
2827,60.798355,13
2828,60.59,13
2829,60.52979,13
2830,60.350986,13
2831,60.40324,13
2832,60.372963,13
2833,60.372593,13
2834,60.42108,13
2835,60.546577,13
2836,60.704136,13
2837,60.621876,13
2838,60.63797,13
2839,60.62094,13
2840,60.567184,13
2841,60.455948,13
2842,60.52343,13
2843,60.501934,13
2844,60.49876,13
2845,60.46564,13
2846,60.186104,13
2847,60.245502,12
2848,60.278797,12
2849,60.089577,13
2850,60.241745,13
2851,60.19785,13
2852,60.07763,13
2853,60.06248,13
2854,59.97661,13
2855,59.985046,13
2856,60.04316,13
2857,59.97552,13
2858,59.97453,13
2859,59.89848,13
2860,59.91842,13
2861,59.984936,13
2862,59.758377,13
2863,59.535187,13
2864,59.29895,13
2865,59.28659,13
2866,59.184963,13
2867,59.136837,13
2868,59.308792,13
2869,59.139404,13
2870,59.21746,13
2871,59.09916,13
2872,59.09205,13
2873,59.19858,13
2874,59.233505,13
2875,59.328823,13
2876,59.453175,13
2877,59.625645,13
2878,59.764805,13
2879,59.742817,13
2880,59.831333,13
2881,60.0129,13
2882,60.080772,13
2883,60.227142,13
2884,60.326977,13
2885,60.357147,13
2886,60.348373,13
2887,60.363968,13
2888,60.474022,13
2889,60.51833,13
2890,60.4998,13
2891,60.524147,13
2892,60.546745,13
2893,60.34843,13
2894,60.31924,13
2895,60.41537,13
2896,60.250233,13
2897,60.257088,13
2898,60.30607,13
2899,60.24186,13
2900,60.206875,13
2901,60.223087,13
2902,60.289906,13
2903,60.145126,13
2904,60.062595,13
2905,60.149635,13
2906,60.18481,13
2907,59.88997,13
2908,60.00166,13
2909,59.891754,13
2910,59.994835,13
2911,60.01792,13
2912,59.712524,13
2913,59.622295,13
2914,59.27627,13
2915,59.318558,13
2916,59.316067,13
2917,59.24449,13
2918,59.35044,13
2919,59.601723,13
2920,59.61143,13
2921,59.875637,13
2922,59.884388,13
2923,59.984184,13
2924,60.08121,13
2925,60.146984,13
2926,59.96101,13
2927,59.704533,13
2928,59.476364,13
2929,59.536713,13
2930,59.74796,13
2931,59.744293,13
2932,59.737476,13
2933,59.733986,13
2934,59.835598,13
2935,59.91624,13
2936,60.051823,13
2937,60.006104,13
2938,59.719723,13
2939,59.451412,13
2940,59.40709,13
2941,59.421413,13
2942,59.533623,13
2943,59.544773,13
2944,59.50931,13
2945,59.44887,13
2946,59.261562,14
2947,59.36985,14
2948,59.45983,14
2949,59.69384,14
2950,59.561653,14
2951,59.629257,14
2952,59.585022,14
2953,59.75074,14
2954,59.59028,14
2955,59.69238,14
2956,59.465443,14
2957,59.540947,14
2958,59.438316,14
2959,59.6361,14
2960,59.675632,14
2961,59.383114,14
2962,59.170216,14
2963,59.159996,14
2964,59.06693,14
2965,59.182846,14
2966,59.174747,14
2967,59.134266,14
2968,59.22269,14
2969,59.405144,14
2970,59.57793,14
2971,59.713505,14
2972,59.921673,14
2973,59.917988,14
2974,59.987377,14
2975,59.994305,14
2976,60.219044,14
2977,59.89127,14
2978,59.924026,14
2979,59.83026,14
2980,59.84228,14
2981,59.748848,14
2982,59.75812,14
2983,59.856144,14
2984,59.87419,14
2985,59.918316,15
2986,60.065662,15
2987,60.17237,15
2988,60.423927,15
2989,60.491703,15
2990,60.294678,15
2991,60.382805,15
2992,60.015514,15
2993,59.982685,15
2994,59.95865,15
2995,59.988636,15
2996,60.129097,15
2997,60.080784,15
2998,59.960064,15
2999,59.934277,15
3000,59.919327,15
3001,59.85161,15
3002,59.74788,15
3003,59.871185,15
3004,59.53034,15
3005,59.50932,15
3006,59.597122,16
3007,59.7321,16
3008,59.548637,16
3009,59.364178,16
3010,59.281548,16
3011,59.39105,16
3012,59.474457,16
3013,59.26392,16
3014,59.302227,16
3015,59.384254,16
3016,59.44106,16
3017,59.283524,16
3018,59.311283,16
3019,59.37625,16
3020,59.385742,16
3021,59.51993,16
3022,59.60046,16
3023,59.52107,16
3024,59.482563,16
3025,59.529366,16
3026,59.690693,16
3027,59.80066,16
3028,59.713444,16
3029,59.586758,16
3030,59.750317,16
3031,59.75489,16
3032,59.63725,16
3033,59.72345,16
3034,59.66886,16
3035,59.6832,16
3036,59.510902,16
3037,59.53763,16
3038,59.61236,16
3039,59.723064,16
3040,59.689476,16
3041,59.772507,16
3042,59.78875,16
3043,59.710403,17
3044,59.658768,17
3045,59.655434,17
3046,59.52476,17
3047,59.555744,17
3048,59.57292,18
3049,59.49891,18
3050,59.25462,18
3051,59.250145,18
3052,59.226025,18
3053,59.353264,18
3054,59.34545,18
3055,59.257072,18
3056,59.373573,18
3057,59.087276,18
3058,59.168034,18
3059,59.149628,18
3060,59.09163,18
3061,58.934082,18
3062,59.23468,18
3063,59.27613,18
3064,59.448696,18
3065,59.513382,18
3066,59.256397,18
3067,59.37011,18
3068,59.459408,18
3069,59.241814,18
3070,59.10459,15
3071,58.973274,15
3072,58.79402,15
3073,58.838272,15
3074,58.66445,15
3075,58.688217,15
3076,58.431404,15
3077,58.592545,15
3078,58.64957,15
3079,58.794304,15
3080,58.726326,15
3081,58.647896,15
3082,58.66322,15
3083,58.737392,16
3084,58.60517,16
3085,58.698654,16
3086,58.585297,16
3087,58.38058,13
3088,58.513477,13
3089,58.599766,13
3090,58.71919,13
3091,58.913227,13
3092,58.82328,13
3093,58.85556,13
3094,58.62293,12
3095,58.599358,12
3096,58.655872,12
3097,58.49258,12
3098,58.55383,12
3099,58.371166,12
3100,58.477715,12
3101,58.280678,12
3102,58.402203,12
3103,58.376892,12
3104,58.48056,12
3105,58.57856,12
3106,58.65007,12
3107,58.733547,12
3108,58.779213,12
3109,58.8599,12
3110,58.850216,12
3111,58.83225,12
3112,58.6624,12
3113,58.68715,12
3114,58.624786,12
3115,58.79737,12
3116,58.653027,12
3117,58.48781,12
3118,58.42365,12
3119,58.277733,12
3120,58.32573,12
3121,58.50353,12
3122,58.442173,12
3123,58.42867,12
3124,58.56667,12
3125,58.302692,12
3126,58.543827,12
3127,58.541965,12
3128,58.61337,12
3129,58.749424,12
3130,58.562912,12
3131,58.540535,12
3132,58.762558,12
3133,58.727276,12
3134,58.927597,12
3135,59.0646,12
3136,59.134438,12
3137,58.90661,12
3138,59.055996,13
3139,59.02065,13
3140,59.20685,13
3141,59.325527,13
3142,59.4854,13
3143,59.61019,13
3144,59.264275,13
3145,59.235916,13
3146,59.306633,13
3147,59.19049,13
3148,59.19385,13
3149,58.940334,13
3150,58.984318,13
3151,58.971706,13
3152,58.88922,13
3153,58.797848,13
3154,58.744923,13
3155,58.79852,13
3156,58.667824,13
3157,58.725792,13
3158,58.74861,13
3159,58.943714,13
3160,58.872143,13
3161,58.912075,13
3162,58.66973,13
3163,58.42593,13
3164,58.374126,13
3165,58.266182,13
3166,58.150284,13
3167,58.13743,13
3168,58.15107,13
3169,58.227028,13
3170,58.31073,13
3171,58.453144,13
3172,58.54576,13
3173,58.565723,13
3174,58.611866,13
3175,58.69357,13
3176,58.632477,13
3177,58.506836,12
3178,58.490906,12
3179,58.630054,12
3180,58.81248,12
3181,58.812336,12
3182,59.023552,12
3183,59.119644,12
3184,59.246616,13
3185,59.499622,13
3186,59.45384,13
3187,59.55781,13
3188,59.523037,13
3189,59.427586,13
3190,59.49546,13
3191,59.618374,13
3192,59.529057,13
3193,59.488937,13
3194,59.518562,13
3195,59.53214,13
3196,59.631443,13
3197,59.61142,13
3198,59.470913,13
3199,59.313847,13
3200,59.55869,13
3201,59.49479,13
3202,59.4114,13
3203,59.62604,13
3204,59.411068,13
3205,59.41314,13
3206,59.059727,13
3207,58.979286,13
3208,58.85603,13
3209,58.893284,13
3210,58.858727,13
3211,58.761505,13
3212,58.60907,13
3213,58.782112,13
3214,58.69336,13
3215,58.886982,13
3216,59.207962,13
3217,59.183147,13
3218,59.213017,13
3219,59.0241,13
3220,59.23314,13
3221,59.11057,13
3222,59.05678,13
3223,59.126785,13
3224,59.138775,13
3225,59.22437,13
3226,59.239487,13
3227,59.267845,13
3228,59.30148,13
3229,59.060925,13
3230,58.806656,13
3231,58.692265,13
3232,58.69645,13
3233,58.590206,14
3234,58.537254,14
3235,58.460415,14
3236,58.453556,14
3237,58.610054,14
3238,58.77002,14
3239,58.78908,14
3240,58.80759,14
3241,58.772873,14
3242,58.834457,14
3243,58.840137,14
3244,58.771,14
3245,58.853268,14
3246,58.62261,14
3247,58.56489,14
3248,58.26457,14
3249,58.463528,14
3250,58.369503,14
3251,58.33624,14
3252,58.243324,14
3253,58.077133,14
3254,58.196747,14
3255,58.203087,14
3256,58.02878,14
3257,58.10514,14
3258,57.93579,14
3259,57.83292,14
3260,57.708385,14
3261,57.775074,14
3262,57.65064,14
3263,57.6834,14
3264,57.87431,14
3265,57.96694,14
3266,58.182228,14
3267,58.239216,14
3268,58.249577,14
3269,58.387848,14
3270,58.60653,14
3271,58.59894,14
3272,58.592537,14
3273,58.626907,14
3274,58.668343,14
3275,58.759476,14
3276,58.820602,14
3277,58.895424,14
3278,58.81483,14
3279,58.857025,14
3280,59.049328,14
3281,59.03191,14
3282,59.0012,14
3283,58.87642,14
3284,58.87748,14
3285,58.72303,14
3286,58.40391,14
3287,58.546604,14
3288,58.419678,14
3289,58.50908,14
3290,58.423203,14
3291,58.316177,14
3292,58.31033,14
3293,58.360867,14
3294,58.438126,14
3295,58.501503,14
3296,58.58021,14
3297,58.767323,14
3298,58.733177,14
3299,58.815002,14
3300,58.87609,14
3301,58.918713,14
3302,58.891075,14
3303,58.763657,14
3304,58.74959,14
3305,58.42447,14
3306,58.677814,14
3307,58.581947,14
3308,58.3256,14
3309,58.313854,14
3310,58.600376,14
3311,58.578243,14
3312,58.49979,14
3313,58.53132,14
3314,58.34099,14
3315,58.350636,14
3316,58.29985,14
3317,58.540142,14
3318,58.767254,14
3319,58.836933,14
3320,58.720623,14
3321,58.935555,14
3322,59.00137,14
3323,59.05809,14
3324,59.184177,14
3325,59.137527,14
3326,59.108673,14
3327,59.236816,14
3328,59.286358,15
3329,59.385296,15
3330,59.508987,15
3331,59.37232,15
3332,59.370575,16
3333,59.42835,16
3334,59.443817,16
3335,59.289745,16
3336,59.151566,16
3337,59.202015,16
3338,59.375587,16
3339,59.27337,16
3340,59.28762,16
3341,59.273796,16
3342,59.28611,16
3343,59.32733,16
3344,59.4334,16
3345,59.470783,16
3346,59.494473,16
3347,59.42446,16
3348,59.14675,16
3349,59.08315,16
3350,59.001778,16
3351,58.871128,16
3352,58.652523,16
3353,58.68361,16
3354,58.69576,16
3355,58.766693,16
3356,58.804245,16
3357,58.64603,16
3358,58.64099,16
3359,58.583218,16
3360,58.449883,16
3361,58.49046,16
3362,58.342712,16
3363,58.37467,16
3364,58.208935,16
3365,58.1071,13
3366,58.193466,13
3367,58.09383,13
3368,58.08291,13
3369,58.025993,13
3370,58.164864,13
3371,58.26598,13
3372,58.4831,13
3373,58.65863,13
3374,58.89856,13
3375,58.921543,13
3376,59.026443,13
3377,59.067883,13
3378,59.216217,14
3379,59.14494,14
3380,59.290344,14
3381,59.39862,14
3382,59.42964,15
3383,59.284805,15
3384,59.324326,15
3385,59.282158,16
3386,59.21865,16
3387,59.23097,16
3388,59.14469,16
3389,59.16068,16
3390,59.159874,16
3391,59.206547,16
3392,59.164425,16
3393,59.296574,16
3394,58.993412,16
3395,58.911186,16
3396,58.78166,16
3397,58.832756,16
3398,58.73393,16
3399,58.489216,16
3400,58.52944,16
3401,58.605396,16
3402,58.374092,16
3403,58.230736,16
3404,58.26337,16
3405,58.137226,16
3406,58.157894,16
3407,58.12341,16
3408,58.146046,16
3409,58.218624,16
3410,58.24774,16
3411,58.313618,16
3412,58.525856,16
3413,58.568455,16
3414,58.572544,16
3415,58.569157,16
3416,58.574535,16
3417,58.646107,16
3418,58.61354,16
3419,58.67829,16
3420,58.55014,15
3421,58.81209,15
3422,58.969574,15
3423,58.89599,16
3424,59.138973,16
3425,59.01628,16
3426,59.08411,16
3427,59.118053,16
3428,59.2233,16
3429,59.263638,16
3430,59.405273,16
3431,59.259148,16
3432,59.355953,16
3433,59.359047,16
3434,59.427334,16
3435,59.504894,16
3436,59.412132,16
3437,59.46076,16
3438,59.657566,16
3439,59.629982,16
3440,59.671265,16
3441,59.62867,16
3442,59.54085,16
3443,59.570194,16
